--
-- PostgreSQL database dump
--

-- Dumped from database version 15.1
-- Dumped by pg_dump version 15.1

-- Started on 2022-12-09 13:08:28 MSK

SET statement_timeout = 0;
SET lock_timeout = 0;
SET idle_in_transaction_session_timeout = 0;
SET client_encoding = 'UTF8';
SET standard_conforming_strings = on;
SELECT pg_catalog.set_config('search_path', '', false);
SET check_function_bodies = false;
SET xmloption = content;
SET client_min_messages = warning;
SET row_security = off;

SET default_tablespace = '';

SET default_table_access_method = heap;

--
-- TOC entry 215 (class 1259 OID 32808)
-- Name: category; Type: TABLE; Schema: public; Owner: postgres
--

CREATE TABLE public.category (
    id integer NOT NULL,
    name character varying(255)
);


ALTER TABLE public.category OWNER TO postgres;

--
-- TOC entry 214 (class 1259 OID 32807)
-- Name: category_id_seq; Type: SEQUENCE; Schema: public; Owner: postgres
--

ALTER TABLE public.category ALTER COLUMN id ADD GENERATED BY DEFAULT AS IDENTITY (
    SEQUENCE NAME public.category_id_seq
    START WITH 1
    INCREMENT BY 1
    NO MINVALUE
    NO MAXVALUE
    CACHE 1
);


--
-- TOC entry 217 (class 1259 OID 32814)
-- Name: image; Type: TABLE; Schema: public; Owner: postgres
--

CREATE TABLE public.image (
    id integer NOT NULL,
    file_name character varying(255),
    product_id integer NOT NULL
);


ALTER TABLE public.image OWNER TO postgres;

--
-- TOC entry 216 (class 1259 OID 32813)
-- Name: image_id_seq; Type: SEQUENCE; Schema: public; Owner: postgres
--

ALTER TABLE public.image ALTER COLUMN id ADD GENERATED BY DEFAULT AS IDENTITY (
    SEQUENCE NAME public.image_id_seq
    START WITH 1
    INCREMENT BY 1
    NO MINVALUE
    NO MAXVALUE
    CACHE 1
);


--
-- TOC entry 219 (class 1259 OID 32820)
-- Name: orders; Type: TABLE; Schema: public; Owner: postgres
--

CREATE TABLE public.orders (
    id integer NOT NULL,
    count integer NOT NULL,
    date_time timestamp without time zone,
    number character varying(255),
    price real NOT NULL,
    status integer,
    person_id integer NOT NULL,
    product_id integer NOT NULL
);


ALTER TABLE public.orders OWNER TO postgres;

--
-- TOC entry 218 (class 1259 OID 32819)
-- Name: orders_id_seq; Type: SEQUENCE; Schema: public; Owner: postgres
--

ALTER TABLE public.orders ALTER COLUMN id ADD GENERATED BY DEFAULT AS IDENTITY (
    SEQUENCE NAME public.orders_id_seq
    START WITH 1
    INCREMENT BY 1
    NO MINVALUE
    NO MAXVALUE
    CACHE 1
);


--
-- TOC entry 221 (class 1259 OID 32826)
-- Name: person; Type: TABLE; Schema: public; Owner: postgres
--

CREATE TABLE public.person (
    id integer NOT NULL,
    email text NOT NULL,
    firstname text NOT NULL,
    lastname text NOT NULL,
    login character varying(50),
    password character varying(255),
    phone_number text NOT NULL,
    role character varying(255)
);


ALTER TABLE public.person OWNER TO postgres;

--
-- TOC entry 220 (class 1259 OID 32825)
-- Name: person_id_seq; Type: SEQUENCE; Schema: public; Owner: postgres
--

ALTER TABLE public.person ALTER COLUMN id ADD GENERATED BY DEFAULT AS IDENTITY (
    SEQUENCE NAME public.person_id_seq
    START WITH 1
    INCREMENT BY 1
    NO MINVALUE
    NO MAXVALUE
    CACHE 1
);


--
-- TOC entry 223 (class 1259 OID 32834)
-- Name: product; Type: TABLE; Schema: public; Owner: postgres
--

CREATE TABLE public.product (
    id integer NOT NULL,
    date_time_of_created timestamp without time zone,
    description text NOT NULL,
    price real NOT NULL,
    seller character varying(255) NOT NULL,
    title text NOT NULL,
    warehouse character varying(255) NOT NULL,
    category_id integer NOT NULL,
    CONSTRAINT product_price_check CHECK ((price >= (1)::double precision))
);


ALTER TABLE public.product OWNER TO postgres;

--
-- TOC entry 225 (class 1259 OID 32843)
-- Name: product_cart; Type: TABLE; Schema: public; Owner: postgres
--

CREATE TABLE public.product_cart (
    id integer NOT NULL,
    person_id integer,
    product_id integer
);


ALTER TABLE public.product_cart OWNER TO postgres;

--
-- TOC entry 224 (class 1259 OID 32842)
-- Name: product_cart_id_seq; Type: SEQUENCE; Schema: public; Owner: postgres
--

ALTER TABLE public.product_cart ALTER COLUMN id ADD GENERATED BY DEFAULT AS IDENTITY (
    SEQUENCE NAME public.product_cart_id_seq
    START WITH 1
    INCREMENT BY 1
    NO MINVALUE
    NO MAXVALUE
    CACHE 1
);


--
-- TOC entry 222 (class 1259 OID 32833)
-- Name: product_id_seq; Type: SEQUENCE; Schema: public; Owner: postgres
--

ALTER TABLE public.product ALTER COLUMN id ADD GENERATED BY DEFAULT AS IDENTITY (
    SEQUENCE NAME public.product_id_seq
    START WITH 1
    INCREMENT BY 1
    NO MINVALUE
    NO MAXVALUE
    CACHE 1
);


--
-- TOC entry 3632 (class 0 OID 32808)
-- Dependencies: 215
-- Data for Name: category; Type: TABLE DATA; Schema: public; Owner: postgres
--

INSERT INTO public.category (id, name) VALUES (1, 'Мебель');
INSERT INTO public.category (id, name) VALUES (2, 'Одежда');
INSERT INTO public.category (id, name) VALUES (3, 'Бытовая техника');


--
-- TOC entry 3634 (class 0 OID 32814)
-- Dependencies: 217
-- Data for Name: image; Type: TABLE DATA; Schema: public; Owner: postgres
--

INSERT INTO public.image (id, file_name, product_id) VALUES (1, 'ddee059b-1bd5-4d44-ab31-0be871e4302c.1.jpg', 1);
INSERT INTO public.image (id, file_name, product_id) VALUES (2, 'cf32f8d9-c969-4948-8ac8-690f47780aad.2.jpg', 1);
INSERT INTO public.image (id, file_name, product_id) VALUES (3, '7364257c-6d0f-4476-9807-b9bb28bcddc3.3.jpg', 1);
INSERT INTO public.image (id, file_name, product_id) VALUES (4, '73e03028-f653-4cef-9e3a-1c29579f43b6.4.jpg', 1);
INSERT INTO public.image (id, file_name, product_id) VALUES (5, 'ed0208cc-dde1-4898-ac3c-ed448fb13d85.5.jpg', 1);
INSERT INTO public.image (id, file_name, product_id) VALUES (6, '147defe6-f46c-4a6d-95a3-d20da13b770f.1 (1).jpg', 2);
INSERT INTO public.image (id, file_name, product_id) VALUES (7, '3578c91c-170d-4c2d-aafe-1d349188f620.2.jpg', 2);
INSERT INTO public.image (id, file_name, product_id) VALUES (8, 'cf1186f9-b76f-48d3-b125-0645a099599b.3 (1).jpg', 2);
INSERT INTO public.image (id, file_name, product_id) VALUES (9, '9c8c69c3-0942-47ce-ba86-abe0b2af3d35.4 (1).jpg', 2);
INSERT INTO public.image (id, file_name, product_id) VALUES (10, '19b275c4-66af-454a-b61f-d4d9051f5a6d.5.jpg', 2);
INSERT INTO public.image (id, file_name, product_id) VALUES (11, '80aba4f6-6502-4d7e-ba05-0cc3317d4f87.1.jpg', 3);
INSERT INTO public.image (id, file_name, product_id) VALUES (12, 'cbba64d2-61fb-4330-849d-589941b0ead2.2.jpg', 3);
INSERT INTO public.image (id, file_name, product_id) VALUES (13, '93a2a44b-42fe-4353-a04a-b1bb94681ca3.3.jpg', 3);
INSERT INTO public.image (id, file_name, product_id) VALUES (14, 'cbd1268f-5a62-4e21-9df8-49e182f5f914.4.jpg', 3);
INSERT INTO public.image (id, file_name, product_id) VALUES (15, 'b7cb26b2-8263-4e71-b697-5af309b58b07.5.jpg', 3);
INSERT INTO public.image (id, file_name, product_id) VALUES (16, 'f3530ecf-3b3f-4e03-90a1-8c556ed6c6f1.1.jpg', 4);
INSERT INTO public.image (id, file_name, product_id) VALUES (17, '80e466c3-d532-41f6-8a76-a0f2a3cf3504.2.jpg', 4);
INSERT INTO public.image (id, file_name, product_id) VALUES (18, '07a5e2a5-4188-4b37-9069-8b1be8f9ccdf.3.jpg', 4);
INSERT INTO public.image (id, file_name, product_id) VALUES (19, '37f152f2-ebc9-47d7-9ee5-1f7a7d1c6d81.4.jpg', 4);
INSERT INTO public.image (id, file_name, product_id) VALUES (20, 'f29ebc4c-931c-4355-9a95-bd4d17504bc1.5.jpg', 4);
INSERT INTO public.image (id, file_name, product_id) VALUES (21, '9061d4b6-ae5e-42bd-840b-89209375c8a7.1.jpeg', 5);
INSERT INTO public.image (id, file_name, product_id) VALUES (22, 'fa23e6da-bf69-4ee6-aeee-72661b852579.2.jpg', 5);
INSERT INTO public.image (id, file_name, product_id) VALUES (23, '17d7371e-837b-4fcd-8811-f4ea49aeb581.3.jpg', 5);
INSERT INTO public.image (id, file_name, product_id) VALUES (24, '0b6f167f-f23a-4c15-86f4-4f82a02235f9.4.jpg', 5);
INSERT INTO public.image (id, file_name, product_id) VALUES (25, '0f3cbcdf-1f74-4118-96f9-c276139ea5a9.5.jpg', 5);
INSERT INTO public.image (id, file_name, product_id) VALUES (26, '31457a57-10ac-4190-972b-7d7423164f87.1.jpg', 6);
INSERT INTO public.image (id, file_name, product_id) VALUES (27, '66eb365c-e6fb-46c9-a2a4-32c91d98029c.2.jpg', 6);
INSERT INTO public.image (id, file_name, product_id) VALUES (28, 'ad7aa4fb-63c1-4c43-9ece-a9a4a2e4da61.3.jpg', 6);
INSERT INTO public.image (id, file_name, product_id) VALUES (29, '9f6528ed-0dd8-418e-9ff2-0ef3e40dbb66.4.jpg', 6);
INSERT INTO public.image (id, file_name, product_id) VALUES (30, 'fa170a90-7a02-40b8-8aee-bda92a584cda.5.jpg', 6);
INSERT INTO public.image (id, file_name, product_id) VALUES (31, 'a6871b95-8cd0-4466-bc5c-b1e094212e01.1.jpg', 7);
INSERT INTO public.image (id, file_name, product_id) VALUES (32, '0d562d75-531e-47db-bd08-243abba3e1f3.2.jpg', 7);
INSERT INTO public.image (id, file_name, product_id) VALUES (33, '2e0bdd68-499a-4eb7-8409-9965d9bb2e3e.3.jpg', 7);
INSERT INTO public.image (id, file_name, product_id) VALUES (34, '864b5061-4c9d-4426-af70-9dd6aba5b326.4.jpg', 7);
INSERT INTO public.image (id, file_name, product_id) VALUES (35, 'b162ea8c-4d6e-4d2b-9e6e-2c1cad3eead8.5.jpg', 7);
INSERT INTO public.image (id, file_name, product_id) VALUES (36, '3777d91a-d845-4013-a9c9-47c282235a07.1 (1).jpg', 8);
INSERT INTO public.image (id, file_name, product_id) VALUES (37, '973df88b-e1fd-4af5-b760-8ced71979985.2.jpg', 8);
INSERT INTO public.image (id, file_name, product_id) VALUES (38, '0c0f6984-5e9b-499e-bbfa-8ed9cab74c10.3.jpg', 8);
INSERT INTO public.image (id, file_name, product_id) VALUES (39, '81798612-811d-4ef1-b97c-893b955163d7.4.jpg', 8);
INSERT INTO public.image (id, file_name, product_id) VALUES (40, '0abb01ad-e2c5-4a61-9b92-8792c9ec2bc9.5.jpg', 8);
INSERT INTO public.image (id, file_name, product_id) VALUES (41, '08a4c971-e159-4cb9-9868-043adedc192a.1 .jpeg', 9);
INSERT INTO public.image (id, file_name, product_id) VALUES (42, 'b269dca1-7a71-48f3-a051-c57e646a3b5a.2.jpg', 9);
INSERT INTO public.image (id, file_name, product_id) VALUES (43, '906e8755-a773-47f4-b61d-df788eacabe3.3.jpg', 9);
INSERT INTO public.image (id, file_name, product_id) VALUES (44, 'd1015965-7f1c-4a99-84a5-a08529a1cdf1.4.jpg', 9);
INSERT INTO public.image (id, file_name, product_id) VALUES (45, '1485b625-08b5-4302-83a3-77c2ecc5163f.5.jpg', 9);
INSERT INTO public.image (id, file_name, product_id) VALUES (46, 'f8538d87-fa39-46f9-a24d-58e31a576fe7.1.jpg', 10);
INSERT INTO public.image (id, file_name, product_id) VALUES (47, 'ae32ecc1-ee0e-4fce-80e8-52d78ab91a06.2.jpeg', 10);
INSERT INTO public.image (id, file_name, product_id) VALUES (48, '862e654c-3cbd-4342-9a7f-04a5da00ba6d.3.jpg', 10);
INSERT INTO public.image (id, file_name, product_id) VALUES (49, '7bf21469-206b-465d-b685-3db8e8bf964e.4.jpeg', 10);
INSERT INTO public.image (id, file_name, product_id) VALUES (50, '8fa2a577-0ddf-4e28-b311-cd6d290d0f95.5.jpg', 10);
INSERT INTO public.image (id, file_name, product_id) VALUES (51, '1765dd09-df35-43ac-8371-56e07eba011e.1.jpg', 11);
INSERT INTO public.image (id, file_name, product_id) VALUES (52, '3a6d676b-e729-469e-a7d7-3126c5881515.2.jpg', 11);
INSERT INTO public.image (id, file_name, product_id) VALUES (53, '262f9ec5-8a07-4ee4-9d34-87981bfc8703.3.jpg', 11);
INSERT INTO public.image (id, file_name, product_id) VALUES (54, 'c1755310-7eb8-4a13-ab44-6e5041889236.4.jpg', 11);
INSERT INTO public.image (id, file_name, product_id) VALUES (55, '1d0dfc67-3d26-4e0a-a464-a0acc3ff2629.5.jpg', 11);
INSERT INTO public.image (id, file_name, product_id) VALUES (56, '09250d8c-9a27-4b27-9796-570e55396104.1.webp', 12);
INSERT INTO public.image (id, file_name, product_id) VALUES (57, '45d62168-0d98-4880-ae47-29527a81fe4a.2.webp', 12);
INSERT INTO public.image (id, file_name, product_id) VALUES (58, '03cd034d-1eff-4c29-ab8f-5454a96dcd80.3.webp', 12);
INSERT INTO public.image (id, file_name, product_id) VALUES (59, 'b6b37d36-2daf-47de-bc9a-5cfadf9448f1.4.webp', 12);
INSERT INTO public.image (id, file_name, product_id) VALUES (60, 'd7f82df8-975a-4601-98b1-8e0d90a89b43.5.webp', 12);


--
-- TOC entry 3636 (class 0 OID 32820)
-- Dependencies: 219
-- Data for Name: orders; Type: TABLE DATA; Schema: public; Owner: postgres
--

INSERT INTO public.orders (id, count, date_time, number, price, status, person_id, product_id) VALUES (2, 1, '2022-12-07 16:57:48.933709', 'fdf53ce4-ecbe-4639-a460-5dd56d53c866', 2167, 1, 2, 2);
INSERT INTO public.orders (id, count, date_time, number, price, status, person_id, product_id) VALUES (3, 1, '2022-12-08 15:50:06.494694', '82be0335-1942-4add-acb9-08d03e82969b', 2167, 1, 3, 2);
INSERT INTO public.orders (id, count, date_time, number, price, status, person_id, product_id) VALUES (1, 1, '2022-12-07 10:05:19.79259', 'b43955fc-1a6d-4332-8b88-0bcbba06e323', 4140, 2, 2, 1);
INSERT INTO public.orders (id, count, date_time, number, price, status, person_id, product_id) VALUES (4, 1, '2022-12-08 15:50:06.533959', '82be0335-1942-4add-acb9-08d03e82969b', 338, 0, 3, 7);


--
-- TOC entry 3638 (class 0 OID 32826)
-- Dependencies: 221
-- Data for Name: person; Type: TABLE DATA; Schema: public; Owner: postgres
--

INSERT INTO public.person (id, email, firstname, lastname, login, password, phone_number, role) VALUES (1, 'admin@mail.ru', 'Иван', 'Иванов', 'admin', '$2a$10$mlFDn/.RFVGCOjKlubmsjuVheAEZiH7UnVK7UibMw8u5cLYD3gmZC', '89996667788', 'ROLE_ADMIN');
INSERT INTO public.person (id, email, firstname, lastname, login, password, phone_number, role) VALUES (2, 'user1@mail.ru', 'Павел', 'Петров', 'user_1', '$2a$10$wTElx1uXtM14cxhV7eUgSek1HBGTlLgipYn4.58xmzvEWWbnLhaSi', '89997775577', 'ROLE_USER');
INSERT INTO public.person (id, email, firstname, lastname, login, password, phone_number, role) VALUES (3, 'user2@mail.ru', 'Семен', 'Сидоров', 'user2', '$2a$10$igq7kJywDw8Kc074i8R8TuFAX09XT0xq/x.3ACkD2Tn1z2oHUXqki', '89995557766', 'ROLE_USER');


--
-- TOC entry 3640 (class 0 OID 32834)
-- Dependencies: 223
-- Data for Name: product; Type: TABLE DATA; Schema: public; Owner: postgres
--

INSERT INTO public.product (id, date_time_of_created, description, price, seller, title, warehouse, category_id) VALUES (1, '2022-12-07 09:25:50.327886', 'Комод, тумба, шкаф из дерева и лдсп от производителя недорого. Различных цветов и оттенков: светлый - белый. Мебельный комод с выдвижными ящиками и полкой недорогие по цене, современные, красивые, но интереснее чем икеа (ikea), хофф (hoff) и леруа. Купить комод для игрушек, кухни и хранения легко. Разместить его можно в спальню, гостиную, прихожую, комнату. Можно использовать как мебель под тумбу. Тумбочка на 3, 4, 5, 6 ящика в современном стиле органично впишется в ваш интерьер. Комод деревянный на ножках. Фото комода, ширина, высота вы можете посмотреть на картинке. Узкий он или широкий, низкий или высокий, маленький или большой - выбирать вам. Какой заказать комод под свои задачи. Чтоб он был мини, детский, длинный или выдвижной, а может туалетный или лофт (loft). Оставьте свои отзывы после покупки поделитесь своими впечатлениями.', 4140, 'DNC Mebel', 'DNC Mebel Комод, шкаф, тумба - тумбочка недорого с ящиками', 'Коледино', 1);
INSERT INTO public.product (id, date_time_of_created, description, price, seller, title, warehouse, category_id) VALUES (2, '2022-12-07 09:28:21.392465', 'Вы уже купили себе брюки-трубы? Если нет, то стильный женский костюм от бренда FABRIMO со свитшотом и широкими брюками клеш поможет Вам быть в тренде этого сезона! Брюки палаццо подходят для любого типа фигуры, скрывают ее недостатки и подчеркивают достоинства. Костюм из мягкой кофты со спущенным рукавом и прямыми брюками прекрасно подойдет под лаконичный офисный стиль, для вечерних и повседневных образов, для прогулок и занятий спортом, а также в качестве костюма для дома. Такой фасон может быть женственным и легким, стоит добавить к брюкам-клеш легкую воздушную кофточку. Брюки с широкими штанинами из трикотажной ткани очень удобны в качестве повседневной одежды, не сковывают движения. Брючный костюм двойка выполнен из плотной ткани футер 2х нитка (петля), не теряет форму после многочисленных стирок, не скатывается за счет полиэстера в составе. Однотонный костюм с широкими брюками подойдет для девочки, подростка или женщины. Заказывайте стильный трикотажный костюм оверсайз со скидками!', 2167, 'FABRIMO', 'FABRIMO Костюм трикотажный оверсайз с широкими брюками', 'Белая дача WB', 2);
INSERT INTO public.product (id, date_time_of_created, description, price, seller, title, warehouse, category_id) VALUES (3, '2022-12-08 09:38:22.658228', 'Размеры (ШхГхВ): 75,2х43х75 см. Комод неотъемлемая часть мебели квартиры или дома. Комод деревянный Ксения станет надежным помощником в хранении вещей. Комод для хранения представлен в нескольких цветах: белый, крафт белый, серый, дуб сонома и бук, что позволит вписать в интерьер комнаты и сочетать с другой мебелью в доме. Комод для вещей идет в двух вариантах: с ручками и без них. Во втором варианте в комоде убраны ручки и удлинен фасад, за который и происходит открывание. Универсальность тумбы позволяет использовать ее, как детскую мебель в комнате вашего ребенка, в четырех больших ящиках поместятся игрушки и вещи. Поставьте его вместе с письменным столом Альянс арт. 100243145 в детской и он станет помощником в хранении учебников, тетрадей и канцелярии. В спальне он выступит как тумба для ТВ. А поставив в прихожей, комод Ксения будет сочетаться с обувницей Грация арт. 114272890 и настенной вешалкой Глория арт. 73452816. Мебельная фабрика «Стендмебель» использует только высококачественные материалы и фурнитуру, мы заботимся о наших покупателях и хотим, чтобы наша мебель прослужила Вам как можно дольше. Мы делаем все возможное, чтобы наша продукция доезжала даже в самые дальние уголки нашей страны целой и радовало Вас, для этого мы упаковываем нашу продукцию в картон, а по периметру укрепляем упаковку пенопластом. Для сборки Вам понадобится отвертка или шуроповерт, ключ шестигранник идет в комплекте. Гарантия: 12 месяцев', 3960, 'Стендмебель - фабрика мебели', 'Стендмебель Комод с ящиками Ксения СТМ для вещей', 'Коледино', 1);
INSERT INTO public.product (id, date_time_of_created, description, price, seller, title, warehouse, category_id) VALUES (4, '2022-12-08 09:40:53.179815', 'Размеры (ШхГхВ): 60х25,6х75 смНаша обувница Джулия станет прекрасным решением для удобного хранения обуви в прихожей, создав комфорт и чистоту в Вашем доме. Основное преимущество данной модели - её компактные размеры, позволяющие сэкономить несколько квадратных метров пола прихожей даже небольшой квартиры, обувная полка подойдет для хранения мужской, женской и детской обуви. Благодаря классическому дизайну, универсальности и актуальным цветовым решениям этажерка для обуви отлично дополнит Ваш комплект мебели любого стиля. Обувница в прихожую или как ее еще называют, галошница оснащена изолированной полочкой под аксессуары, которая станет незаменимой для домашних мелочей, ключей, перчаток, шапок, шарфов или предметов по уходу за обувью. В закрытом состоянии используйте её, чтобы поставить сумочку или пакет, положить зонт. Обувница белая, как и другие цвета имеет три наклонные полки для обуви в прихожую общей вместимостью до 9 пар обуви. Обувница для обуви сделана из сертифицированных и высококачественных ЛДСП, поэтому она прослужит Вам не один год. Собрать полки для обуви легко в домашних условиях. К набору прилагается подробная инструкция по сборке. Габаритные размеры обувницы (ШхВхГ) 60х25,6х75 см. Так же предлагаем другие наши товары бренда Стендмебель: Вешалка Глория артикул 73452816, Обувница Дина артикул 73474145, Вешалка Грация-2 артикул 112396129', 2520, 'Стендмебель - фабрика мебели', 'Стендмебель Обувница Джулия СТМ, тумба для обуви', 'Коледино', 1);
INSERT INTO public.product (id, date_time_of_created, description, price, seller, title, warehouse, category_id) VALUES (5, '2022-12-08 11:18:51.651525', 'Размеры (ШхГхВ): 100х38,6х74,6 см Компьютерный стол Софи привлекает своей функциональностью, строгим дизайном и высоким уровнем прочности. Наш стол выполнен в трех цветах поэтому для него найдется место в любой комнате Вашего дома. Может использоваться как детский, компьютерный столик для учебы и отдыха или в кабинет и использовать его как рабочий стол. Вы можете расставить на него косметику и использовать как туалетный столик в спальню. В открытые полочки можно положить не только любимые книги и игрушки, но и различную мелочь для дома. Так же стол отлично впишется в любой офис и станет удобным рабочим местом для сотрудника. Модели обладают стандартной высотой, которая обеспечит вам и вашему ребенку комфортную посадку. Для стола используются сертифицированные, высококачественные ЛДСП, поэтому наша мебель прослужит вам не один год. К набору прилагается подробная инструкция по сборке.
', 3000, 'Стендмебель - фабрика мебели', 'Стендмебель Стол письменный Софи СТМ, компьютерный', 'Коледино', 1);
INSERT INTO public.product (id, date_time_of_created, description, price, seller, title, warehouse, category_id) VALUES (6, '2022-12-08 11:20:41.003939', 'Джинсы молодежные на лето и осень - незаменимая вещь современного модного базового мужского гардероба. Удобные и функциональные - эти штаны брюки используются в качестве рабочей одежды, для дома, для спорта, для бега. Разнообразие моделей джинсовых брюк широкое: трубы, бананы, бойфренды, джоггеры, slim, бриджи, мотоджинсы. Особой популярностью пользуются прямые и зауженные к низу классические джинсы со средней и высокой посадкой. В коллекции бренда EREMES представлены синие голубые джинсы для мужчин высокого роста ( до 190 см), отлично сочетаются с рубашкой, толстовкой, худи, пиджаком и водолазкой. Модель штанов классического прямого кроя, застежка молния и шарнирная пуговица, накладные карманы сзади, штаны не зауженные, без флиса. Идеальная посадка обеспечена за счет точных лекал с фабрик Турции. Штаны подойдут обладателям больших размеров и высоким мальчикам подросткам. В них удобно водить автомобиль и мотоцикл. Мужские брюки комфортно носить в летний период. Подарок любимому другу папе. Турецкие джинсы мужские прямые широкие штаны классика брюки для невысоких мужская одежда для мальчиков рваные американки брюки с карманами без утепления скинни осень зима casual слоучи момы из плотного денима skinny с потертостями спортивки оверсайз стрейч светлые узкие молодежные слим большие зимние потертые по бокам больших размеров летние брюки', 1450, 'EREMES', 'Eremes Джинсы мужские прямые классические', 'Коледино', 2);
INSERT INTO public.product (id, date_time_of_created, description, price, seller, title, warehouse, category_id) VALUES (7, '2022-12-08 11:23:32.870407', 'Футболка мужская хлопок спортивная однотонная базовая модная свободная пляжная с коротким рукавом. Стильная хлопковая футболка классического кроя - это вещь унисекс, которая подойдет и мужчинам, и женщинам. СОСТАВ: ХЛОПОК 100% ПЛОТНОСТЬ 180 гр/мк в. Молодежная женская и мужская футболка выполнена из плотной хлопковой ткани и имеет круглый вырез горловины. Удлиненная футболка подходит для отдыха, туризма и занятий спортом: фитнеса, йоги, бега и тренировок в зале. В ней можно отправиться на прогулку в город. Базовая футболка вписывается в школьную форму и офисный стиль. Ее можно носить дома или надеть в школу и на работу в офис под пиджак. Трикотажная футболка оптимальна для носки летом. Она является базовой вещью и будет прекрасно сочетаться со всеми вещами в вашем гардеробе, в том числе в стиле оверсайз. Красивая футболка подойдет парням и девушкам любого роста - высоким и невысоким. Ее могут носить взрослые и подростки. В ассортименте большой выбор ярких цветов. Вы можете подарить ее на день рождения любимому мужу, маме, брату или папе. У нас есть акции и распродажи, вы можете купить наши товары в подарок со скидкой!', 338, 'UZcotton', 'UZcotton Футболка мужская хлопок спортивная однотонная базовая', 'Коледино', 2);
INSERT INTO public.product (id, date_time_of_created, description, price, seller, title, warehouse, category_id) VALUES (8, '2022-12-08 11:25:02.598878', 'Мужская футбольная куртка для тренировок в прохладную погоду. Утепленная модель дополнена стегаными вставками на подкладке и рукавах. Застежка на молнию и глубокий прилегающий капюшон. Современный приталенный крой', 11249, 'ВАЙЛДБЕРРИЗ
', 'adidas Куртка', 'Коледино', 2);
INSERT INTO public.product (id, date_time_of_created, description, price, seller, title, warehouse, category_id) VALUES (9, '2022-12-08 11:27:12.662589', '**5 в 1: Планетарный миксер с 3-мя насадками, Блендер, Мясорубка. Технология SmartMIX - прибор автоматически подбирает оптимальную мощность работы для каждого вида и количества ингредиентов. Технология PROtect+ защита двигателя от перегрева.** Надёжная конструкция со стальными шестернями. Планетарное вращение насадок. Чаша из нержавеющей стали. Объем чаши 5 л. 6 скоростных режимов. Плавная регулировка скорости. Импульсивный режим. Венчик для взбивания. Насадка для смешивания. Крюк для замешивания теста. Крышка чаши для добавления ингредиентов. Мясорубка: 2 диска из нержавеющей стали (5 и 7 мм). Кувшин блендера из высокопрочного стекла объемом 1,5 л.Низкий уровень шума. Система безопасного включения. Защита двигателя от перегрева. Отсек для намотки сетевого шнура. Прорезиненные ножки. Мощность: 1100 Вт.
', 10999, 'ВАЙЛДБЕРРИЗ
', 'Polaris Планетарный миксер / Кухонная машина PKM 1104', 'Коледино', 3);
INSERT INTO public.product (id, date_time_of_created, description, price, seller, title, warehouse, category_id) VALUES (10, '2022-12-08 11:29:17.838183', 'Беспроводной ручной портативный пылесос отлично подойдет для уборки различных помещений. В комплекте присутствуют фильтр, вертикальный стакан или контейнер для воды, есть насадки, но набор идет без мешка. Присутствует 3 бака для воды. В одном вода очищается, в другом - хранится в чистом виде, а в третий - поступает грязная. Также есть функция самоочистки пылесоса. И сухая, и влажная уборка с ним станут намного проще и быстрее. Щетка имеет мощный аккумулятор и работает на батарейка. Компактный мобильный пылесос может использоваться как швабра. Моющий прибор хорошо подойдет для уборки шерсти с дивана, чистки ковров, для пыли и грязи, или просто для мытья полов. Мобильный аккумуляторный пылесос очень хороший помощник для дома.
', 17995, 'Официальный магазин Polaris', 'Redkey Вертикальный пылесос , моющий пылесос', 'Коледино', 3);
INSERT INTO public.product (id, date_time_of_created, description, price, seller, title, warehouse, category_id) VALUES (11, '2022-12-08 11:31:00.643878', 'Новая стиральная машина ATLANT серии INTENSE EXPERT имеет уникальный дизайн, который прекрасно дополнит любой интерьер своим внешним видом. С помощью новых сенсорных технологий достаточно легкого касания для выбора функций и программ. Светодиодные индикаторы и сегментный дисплей машины размещены на панели управления под небольшим углом, что облегчает визуальное восприятие отображаемой информации о работе машины. Благодаря интеллектуальным программам она не только интуитивно понятна в управлении, но и обеспечивает превосходные результаты стирки при низком потреблении воды и электроэнергии. Кроме того, действует увеличенная гарантия 5 лет на двигатель.
', 33615, 'ВАЙЛДБЕРРИЗ', 'ATLANT Стиральная машина CMA-80 C 1214-01', 'Коледино', 3);
INSERT INTO public.product (id, date_time_of_created, description, price, seller, title, warehouse, category_id) VALUES (12, '2022-12-08 11:34:20.685134', 'В комплектации с роботом-пылесосом представлены контейнер для пыли, резервуар для воды, салфетка из микрофибры, 2 боковых щеточки, 2 фильтра, АКБ и зарядная станция. АКБ емкостью 2600 mAh обеспечивает работу без подзарядки-200 мин. На полную зарядку понадобится не более 5 часов. Высота робота-пылесоса всего 7,6 см, а диаметр 31 см. Размер пылесоса позволит ему проникать под мебель, куда не всегда доберется обычный пылесос. Для ориентации в пространстве прибор оборудован инфракрасными датчиками. Он свободно объезжает мебель и другие препятствия, а не упасть с лестницы ему помогают датчики антипадения. Небольшие изменения высоты, например, пороги или переход с пола на ковер, прибор легко преодолевает без каких-либо повреждений, так как его колеса имеют амортизаторы. Для влажной уборки контейнер для пыли нужно заменить на резервуар с водой, а на нижнюю поверхность пылесоса прикрепить салфетку. С помощью пульта ДУ можно установить текущее время и задать время начала ежедневной уборки.Будьте внимательны!В пылесос установлен контейнер для влажной уборки с микрофиброй. Для уборки добавьте воды в отсек контейнера.Контейнер для сухой уборки упакован отдельно внутри основной коробки. Для сухой уборки вставьте его в робот-пылесос.', 12099, 'Polaris', 'Polaris Робот-пылесос PVCR 0726W (POLARIS)', 'Коледино WB', 3);


--
-- TOC entry 3642 (class 0 OID 32843)
-- Dependencies: 225
-- Data for Name: product_cart; Type: TABLE DATA; Schema: public; Owner: postgres
--



--
-- TOC entry 3648 (class 0 OID 0)
-- Dependencies: 214
-- Name: category_id_seq; Type: SEQUENCE SET; Schema: public; Owner: postgres
--

SELECT pg_catalog.setval('public.category_id_seq', 3, true);


--
-- TOC entry 3649 (class 0 OID 0)
-- Dependencies: 216
-- Name: image_id_seq; Type: SEQUENCE SET; Schema: public; Owner: postgres
--

SELECT pg_catalog.setval('public.image_id_seq', 60, true);


--
-- TOC entry 3650 (class 0 OID 0)
-- Dependencies: 218
-- Name: orders_id_seq; Type: SEQUENCE SET; Schema: public; Owner: postgres
--

SELECT pg_catalog.setval('public.orders_id_seq', 4, true);


--
-- TOC entry 3651 (class 0 OID 0)
-- Dependencies: 220
-- Name: person_id_seq; Type: SEQUENCE SET; Schema: public; Owner: postgres
--

SELECT pg_catalog.setval('public.person_id_seq', 3, true);


--
-- TOC entry 3652 (class 0 OID 0)
-- Dependencies: 224
-- Name: product_cart_id_seq; Type: SEQUENCE SET; Schema: public; Owner: postgres
--

SELECT pg_catalog.setval('public.product_cart_id_seq', 5, true);


--
-- TOC entry 3653 (class 0 OID 0)
-- Dependencies: 222
-- Name: product_id_seq; Type: SEQUENCE SET; Schema: public; Owner: postgres
--

SELECT pg_catalog.setval('public.product_id_seq', 12, true);


--
-- TOC entry 3466 (class 2606 OID 32812)
-- Name: category category_pkey; Type: CONSTRAINT; Schema: public; Owner: postgres
--

ALTER TABLE ONLY public.category
    ADD CONSTRAINT category_pkey PRIMARY KEY (id);


--
-- TOC entry 3468 (class 2606 OID 32818)
-- Name: image image_pkey; Type: CONSTRAINT; Schema: public; Owner: postgres
--

ALTER TABLE ONLY public.image
    ADD CONSTRAINT image_pkey PRIMARY KEY (id);


--
-- TOC entry 3470 (class 2606 OID 32824)
-- Name: orders orders_pkey; Type: CONSTRAINT; Schema: public; Owner: postgres
--

ALTER TABLE ONLY public.orders
    ADD CONSTRAINT orders_pkey PRIMARY KEY (id);


--
-- TOC entry 3472 (class 2606 OID 32832)
-- Name: person person_pkey; Type: CONSTRAINT; Schema: public; Owner: postgres
--

ALTER TABLE ONLY public.person
    ADD CONSTRAINT person_pkey PRIMARY KEY (id);


--
-- TOC entry 3482 (class 2606 OID 32847)
-- Name: product_cart product_cart_pkey; Type: CONSTRAINT; Schema: public; Owner: postgres
--

ALTER TABLE ONLY public.product_cart
    ADD CONSTRAINT product_cart_pkey PRIMARY KEY (id);


--
-- TOC entry 3478 (class 2606 OID 32841)
-- Name: product product_pkey; Type: CONSTRAINT; Schema: public; Owner: postgres
--

ALTER TABLE ONLY public.product
    ADD CONSTRAINT product_pkey PRIMARY KEY (id);


--
-- TOC entry 3474 (class 2606 OID 32851)
-- Name: person uk_2ldqhx89sy06ya51rrnndhwmc; Type: CONSTRAINT; Schema: public; Owner: postgres
--

ALTER TABLE ONLY public.person
    ADD CONSTRAINT uk_2ldqhx89sy06ya51rrnndhwmc UNIQUE (phone_number);


--
-- TOC entry 3476 (class 2606 OID 32849)
-- Name: person uk_fwmwi44u55bo4rvwsv0cln012; Type: CONSTRAINT; Schema: public; Owner: postgres
--

ALTER TABLE ONLY public.person
    ADD CONSTRAINT uk_fwmwi44u55bo4rvwsv0cln012 UNIQUE (email);


--
-- TOC entry 3480 (class 2606 OID 32853)
-- Name: product uk_qka6vxqdy1dprtqnx9trdd47c; Type: CONSTRAINT; Schema: public; Owner: postgres
--

ALTER TABLE ONLY public.product
    ADD CONSTRAINT uk_qka6vxqdy1dprtqnx9trdd47c UNIQUE (title);


--
-- TOC entry 3484 (class 2606 OID 32859)
-- Name: orders fk1b0m4muwx1t377w9if3w6wwqn; Type: FK CONSTRAINT; Schema: public; Owner: postgres
--

ALTER TABLE ONLY public.orders
    ADD CONSTRAINT fk1b0m4muwx1t377w9if3w6wwqn FOREIGN KEY (person_id) REFERENCES public.person(id);


--
-- TOC entry 3486 (class 2606 OID 32869)
-- Name: product fk1mtsbur82frn64de7balymq9s; Type: FK CONSTRAINT; Schema: public; Owner: postgres
--

ALTER TABLE ONLY public.product
    ADD CONSTRAINT fk1mtsbur82frn64de7balymq9s FOREIGN KEY (category_id) REFERENCES public.category(id);


--
-- TOC entry 3485 (class 2606 OID 32864)
-- Name: orders fk787ibr3guwp6xobrpbofnv7le; Type: FK CONSTRAINT; Schema: public; Owner: postgres
--

ALTER TABLE ONLY public.orders
    ADD CONSTRAINT fk787ibr3guwp6xobrpbofnv7le FOREIGN KEY (product_id) REFERENCES public.product(id);


--
-- TOC entry 3483 (class 2606 OID 32854)
-- Name: image fkgpextbyee3uk9u6o2381m7ft1; Type: FK CONSTRAINT; Schema: public; Owner: postgres
--

ALTER TABLE ONLY public.image
    ADD CONSTRAINT fkgpextbyee3uk9u6o2381m7ft1 FOREIGN KEY (product_id) REFERENCES public.product(id);


--
-- TOC entry 3487 (class 2606 OID 32879)
-- Name: product_cart fkhpnrxdy3jhujameyod08ilvvw; Type: FK CONSTRAINT; Schema: public; Owner: postgres
--

ALTER TABLE ONLY public.product_cart
    ADD CONSTRAINT fkhpnrxdy3jhujameyod08ilvvw FOREIGN KEY (product_id) REFERENCES public.product(id);


--
-- TOC entry 3488 (class 2606 OID 32874)
-- Name: product_cart fksgnkc1ko2i1o9yr2p63ysq3rn; Type: FK CONSTRAINT; Schema: public; Owner: postgres
--

ALTER TABLE ONLY public.product_cart
    ADD CONSTRAINT fksgnkc1ko2i1o9yr2p63ysq3rn FOREIGN KEY (person_id) REFERENCES public.person(id);


-- Completed on 2022-12-09 13:08:28 MSK

--
-- PostgreSQL database dump complete
--

